{"cameraMode":{"drawMode":0,"name":"Shaded","section":"Shading Mode"},"sceneLighting":false,"audioPlay":false,"sceneViewState":{"m_AlwaysRefresh":false,"showFog":true,"showSkybox":false,"showFlares":true,"showImageEffects":true,"showParticleSystems":true,"showVisualEffectGraphs":true,"m_FxEnabled":true},"in2DMode":false,"pivot":{"x":-2.358790397644043,"y":-0.7144561409950256,"z":0.2507341802120209},"rotation":{"x":0.3580333888530731,"y":0.020235301926732065,"z":-0.007575020659714937,"w":0.9332837462425232},"size":0.8699080348014832,"orthographic":false}