{"cameraMode":{"drawMode":0,"name":"Shaded","section":"Shading Mode"},"sceneLighting":false,"audioPlay":false,"sceneViewState":{"m_AlwaysRefresh":false,"showFog":true,"showSkybox":false,"showFlares":true,"showImageEffects":true,"showParticleSystems":true,"showVisualEffectGraphs":true,"m_FxEnabled":true},"in2DMode":false,"pivot":{"x":-3.9022741317749025,"y":-0.25375574827194216,"z":0.7034426331520081},"rotation":{"x":0.21460114419460298,"y":-0.15820430219173432,"z":0.03551624342799187,"w":0.962979257106781},"size":2.316314697265625,"orthographic":false}