{"cameraMode":{"drawMode":0,"name":"Shaded","section":"Shading Mode"},"sceneLighting":false,"audioPlay":false,"sceneViewState":{"m_AlwaysRefresh":false,"showFog":true,"showSkybox":false,"showFlares":true,"showImageEffects":true,"showParticleSystems":true,"showVisualEffectGraphs":true,"m_FxEnabled":true},"in2DMode":false,"pivot":{"x":-1.6299095153808594,"y":-0.0698251724243164,"z":0.5982844233512878},"rotation":{"x":0.17160479724407197,"y":-0.0584169439971447,"z":0.010447624139487744,"w":0.9832098484039307},"size":0.8507261276245117,"orthographic":false}