{"cameraMode":{"drawMode":0,"name":"Shaded","section":"Shading Mode"},"sceneLighting":false,"audioPlay":false,"sceneViewState":{"m_AlwaysRefresh":false,"showFog":true,"showSkybox":false,"showFlares":true,"showImageEffects":true,"showParticleSystems":true,"showVisualEffectGraphs":true,"m_FxEnabled":true},"in2DMode":false,"pivot":{"x":-0.13234412670135499,"y":5.493043899536133,"z":0.6626270413398743},"rotation":{"x":0.036857958883047107,"y":0.22789238393306733,"z":-0.008361604996025563,"w":0.9727698564529419},"size":2.366502046585083,"orthographic":false}