{"cameraMode":{"drawMode":0,"name":"Shaded","section":"Shading Mode"},"sceneLighting":false,"audioPlay":false,"sceneViewState":{"m_AlwaysRefresh":false,"showFog":true,"showSkybox":false,"showFlares":true,"showImageEffects":true,"showParticleSystems":true,"showVisualEffectGraphs":true,"m_FxEnabled":true},"in2DMode":false,"pivot":{"x":-5.177738666534424,"y":-0.10624311864376068,"z":0.40128859877586367},"rotation":{"x":0.1703331172466278,"y":-0.1829124093055725,"z":0.03246680274605751,"w":0.9675471186637878},"size":0.43261465430259707,"orthographic":false}